A Pledge to God,PG,Drama,La historia explora el choque entre los instintos maternales y las normas morales.,1 Temporada disponible,https://pluto.tv/latam/on-demand/series/65ae74e0debc810013c73e97/details,It's a punishment for you.,T1E1,53 min,La historia explora el choque entre los instintos maternales y las normas morales.,https://pluto.tv/latam/on-demand/series/65ae74e0debc810013c73e97/details
A Pledge to God,PG,Drama,La historia explora el choque entre los instintos maternales y las normas morales.,1 Temporada disponible,https://pluto.tv/latam/on-demand/series/65ae74e0debc810013c73e97/details,Hyunwoo is sick,T1E2,52 min,La historia explora el choque entre los instintos maternales y las normas morales.,https://pluto.tv/latam/on-demand/series/65ae74e0debc810013c73e97/details
A Pledge to God,PG,Drama,La historia explora el choque entre los instintos maternales y las normas morales.,1 Temporada disponible,https://pluto.tv/latam/on-demand/series/65ae74e0debc810013c73e97/details,I think I should stop,T1E3,53 min,La historia explora el choque entre los instintos maternales y las normas morales.,https://pluto.tv/latam/on-demand/series/65ae74e0debc810013c73e97/details
A Pledge to God,PG,Drama,La historia explora el choque entre los instintos maternales y las normas morales.,1 Temporada disponible,https://pluto.tv/latam/on-demand/series/65ae74e0debc810013c73e97/details,Do you think you've become a god?,T1E4,53 min,La historia explora el choque entre los instintos maternales y las normas morales.,https://pluto.tv/latam/on-demand/series/65ae74e0debc810013c73e97/details
A Pledge to God,PG,Drama,La historia explora el choque entre los instintos maternales y las normas morales.,1 Temporada disponible,https://pluto.tv/latam/on-demand/series/65ae74e0debc810013c73e97/details,Junseo is the best. I love him the most.,T1E5,51 min,La historia explora el choque entre los instintos maternales y las normas morales.,https://pluto.tv/latam/on-demand/series/65ae74e0debc810013c73e97/details
A Pledge to God,PG,Drama,La historia explora el choque entre los instintos maternales y las normas morales.,1 Temporada disponible,https://pluto.tv/latam/on-demand/series/65ae74e0debc810013c73e97/details,It's not getting deleted,T1E6,51 min,La historia explora el choque entre los instintos maternales y las normas morales.,https://pluto.tv/latam/on-demand/series/65ae74e0debc810013c73e97/details
A Pledge to God,PG,Drama,La historia explora el choque entre los instintos maternales y las normas morales.,1 Temporada disponible,https://pluto.tv/latam/on-demand/series/65ae74e0debc810013c73e97/details,Junseo is my everything.,T1E7,52 min,La historia explora el choque entre los instintos maternales y las normas morales.,https://pluto.tv/latam/on-demand/series/65ae74e0debc810013c73e97/details
A Pledge to God,PG,Drama,La historia explora el choque entre los instintos maternales y las normas morales.,1 Temporada disponible,https://pluto.tv/latam/on-demand/series/65ae74e0debc810013c73e97/details,Why were you crying when you saw me?,T1E8,51 min,La historia explora el choque entre los instintos maternales y las normas morales.,https://pluto.tv/latam/on-demand/series/65ae74e0debc810013c73e97/details
A Pledge to God,PG,Drama,La historia explora el choque entre los instintos maternales y las normas morales.,1 Temporada disponible,https://pluto.tv/latam/on-demand/series/65ae74e0debc810013c73e97/details,Can't you give me a chance?,T1E9,51 min,La historia explora el choque entre los instintos maternales y las normas morales.,https://pluto.tv/latam/on-demand/series/65ae74e0debc810013c73e97/details
A Pledge to God,PG,Drama,La historia explora el choque entre los instintos maternales y las normas morales.,1 Temporada disponible,https://pluto.tv/latam/on-demand/series/65ae74e0debc810013c73e97/details,I'm thinking about going out for fun,T1E10,51 min,La historia explora el choque entre los instintos maternales y las normas morales.,https://pluto.tv/latam/on-demand/series/65ae74e0debc810013c73e97/details
A Pledge to God,PG,Drama,La historia explora el choque entre los instintos maternales y las normas morales.,1 Temporada disponible,https://pluto.tv/latam/on-demand/series/65ae74e0debc810013c73e97/details,"Hyunwoo, come back again",T1E11,54 min,La historia explora el choque entre los instintos maternales y las normas morales.,https://pluto.tv/latam/on-demand/series/65ae74e0debc810013c73e97/details
A Pledge to God,PG,Drama,La historia explora el choque entre los instintos maternales y las normas morales.,1 Temporada disponible,https://pluto.tv/latam/on-demand/series/65ae74e0debc810013c73e97/details,"So, you've been living with that kind of feeling",T1E12,50 min,La historia explora el choque entre los instintos maternales y las normas morales.,https://pluto.tv/latam/on-demand/series/65ae74e0debc810013c73e97/details
A Pledge to God,PG,Drama,La historia explora el choque entre los instintos maternales y las normas morales.,1 Temporada disponible,https://pluto.tv/latam/on-demand/series/65ae74e0debc810013c73e97/details,You've grown up so beautifully,T1E13,52 min,La historia explora el choque entre los instintos maternales y las normas morales.,https://pluto.tv/latam/on-demand/series/65ae74e0debc810013c73e97/details
A Pledge to God,PG,Drama,La historia explora el choque entre los instintos maternales y las normas morales.,1 Temporada disponible,https://pluto.tv/latam/on-demand/series/65ae74e0debc810013c73e97/details,I've never forgotten you for a moment,T1E14,52 min,La historia explora el choque entre los instintos maternales y las normas morales.,https://pluto.tv/latam/on-demand/series/65ae74e0debc810013c73e97/details
A Pledge to God,PG,Drama,La historia explora el choque entre los instintos maternales y las normas morales.,1 Temporada disponible,https://pluto.tv/latam/on-demand/series/65ae74e0debc810013c73e97/details,"Yeah, that's right. Now there's a way",T1E15,51 min,La historia explora el choque entre los instintos maternales y las normas morales.,https://pluto.tv/latam/on-demand/series/65ae74e0debc810013c73e97/details
A Pledge to God,PG,Drama,La historia explora el choque entre los instintos maternales y las normas morales.,1 Temporada disponible,https://pluto.tv/latam/on-demand/series/65ae74e0debc810013c73e97/details,Did you used to be this kind of person?,T1E16,52 min,La historia explora el choque entre los instintos maternales y las normas morales.,https://pluto.tv/latam/on-demand/series/65ae74e0debc810013c73e97/details
A Pledge to God,PG,Drama,La historia explora el choque entre los instintos maternales y las normas morales.,1 Temporada disponible,https://pluto.tv/latam/on-demand/series/65ae74e0debc810013c73e97/details,"Mom, I will protect you.",T1E17,52 min,La historia explora el choque entre los instintos maternales y las normas morales.,https://pluto.tv/latam/on-demand/series/65ae74e0debc810013c73e97/details
A Pledge to God,PG,Drama,La historia explora el choque entre los instintos maternales y las normas morales.,1 Temporada disponible,https://pluto.tv/latam/on-demand/series/65ae74e0debc810013c73e97/details,Let's give Hyunwoo to us.,T1E18,51 min,La historia explora el choque entre los instintos maternales y las normas morales.,https://pluto.tv/latam/on-demand/series/65ae74e0debc810013c73e97/details
A Pledge to God,PG,Drama,La historia explora el choque entre los instintos maternales y las normas morales.,1 Temporada disponible,https://pluto.tv/latam/on-demand/series/65ae74e0debc810013c73e97/details,I want to live too,T1E19,52 min,La historia explora el choque entre los instintos maternales y las normas morales.,https://pluto.tv/latam/on-demand/series/65ae74e0debc810013c73e97/details
A Pledge to God,PG,Drama,La historia explora el choque entre los instintos maternales y las normas morales.,1 Temporada disponible,https://pluto.tv/latam/on-demand/series/65ae74e0debc810013c73e97/details,I can part ways with joy,T1E20,53 min,La historia explora el choque entre los instintos maternales y las normas morales.,https://pluto.tv/latam/on-demand/series/65ae74e0debc810013c73e97/details
A Pledge to God,PG,Drama,La historia explora el choque entre los instintos maternales y las normas morales.,1 Temporada disponible,https://pluto.tv/latam/on-demand/series/65ae74e0debc810013c73e97/details,Please make my brother get well soon,T1E21,50 min,La historia explora el choque entre los instintos maternales y las normas morales.,https://pluto.tv/latam/on-demand/series/65ae74e0debc810013c73e97/details
A Pledge to God,PG,Drama,La historia explora el choque entre los instintos maternales y las normas morales.,1 Temporada disponible,https://pluto.tv/latam/on-demand/series/65ae74e0debc810013c73e97/details,I will definitely find it,T1E22,52 min,La historia explora el choque entre los instintos maternales y las normas morales.,https://pluto.tv/latam/on-demand/series/65ae74e0debc810013c73e97/details
A Pledge to God,PG,Drama,La historia explora el choque entre los instintos maternales y las normas morales.,1 Temporada disponible,https://pluto.tv/latam/on-demand/series/65ae74e0debc810013c73e97/details,This is your last chance from me,T1E23,49 min,La historia explora el choque entre los instintos maternales y las normas morales.,https://pluto.tv/latam/on-demand/series/65ae74e0debc810013c73e97/details
A Pledge to God,PG,Drama,La historia explora el choque entre los instintos maternales y las normas morales.,1 Temporada disponible,https://pluto.tv/latam/on-demand/series/65ae74e0debc810013c73e97/details,It wasn't mine,T1E24,52 min,La historia explora el choque entre los instintos maternales y las normas morales.,https://pluto.tv/latam/on-demand/series/65ae74e0debc810013c73e97/details
